work_year,experience_level,job_title,salary_in_usd,remote_ratio,company_location,company_size
2020,1,4,79833,0,2,2
2020,2,6,260000,0,0,0
2020,2,6,109024,50,2,1
2020,1,6,20000,0,0,0
2020,2,5,150000,50,2,2
2020,0,0,72000,100,2,2
2020,2,6,190000,100,2,0
2020,1,4,35735,50,1,2
2020,1,6,135000,100,2,2
2020,2,6,125000,50,2,0
2020,0,4,51321,0,2,0
2020,1,4,40481,0,1,2
2020,0,4,39916,0,2,1
2020,1,6,87000,100,2,2
2020,1,0,85000,100,2,2
2020,1,0,8000,50,0,2
2020,0,2,41689,100,0,0
2020,2,6,114047,100,2,0
2020,0,6,5707,50,1,1
2020,1,6,56000,100,2,1
2020,1,5,43331,0,1,1
2020,1,6,6072,100,1,2
2020,2,2,47899,50,1,2
2020,1,6,98000,0,2,1
2020,1,6,115000,0,0,2
2020,3,6,280911,100,2,2
2020,0,7,42000,50,2,2
2020,2,2,33511,0,1,0
2020,0,6,100000,100,2,2
2020,2,6,117104,50,2,2
2020,1,6,59303,100,2,0
2020,0,6,70000,100,2,2
2020,2,4,68428,100,2,2
2020,1,7,280911,0,2,1
2020,1,0,46759,50,2,2
2020,1,2,74130,50,2,2
2020,1,6,103000,100,2,2
2020,0,5,250000,50,2,2
2020,0,0,10000,100,0,0
2020,0,5,138000,100,2,0
2020,1,4,45760,100,2,0
2020,3,6,79833,50,1,2
2020,1,6,50180,0,1,1
2020,1,2,106000,100,2,2
2020,1,2,112872,50,2,2
2020,0,6,15966,100,2,0
2020,1,4,76958,100,2,0
2020,2,2,188000,100,2,2
2020,1,4,105000,100,2,2
2020,1,2,70139,50,2,2
2020,0,0,6072,0,1,0
2020,0,0,91000,100,2,2
2020,0,6,45896,50,2,0
2020,0,2,54742,100,2,2
2020,2,6,60000,100,2,0
2020,2,6,148261,100,2,1
2020,1,4,38776,100,1,1
2020,1,4,118000,100,2,1
2020,2,4,120000,50,2,2
2020,1,4,138350,100,2,1
2020,1,2,110000,100,2,2
2020,1,2,130800,100,2,1
2020,0,4,21669,50,0,0
2020,2,4,280911,100,2,2
2020,2,5,45618,100,1,0
2020,0,4,62726,50,2,0
2020,0,4,49268,0,2,0
2020,2,3,190200,100,2,1
2020,0,4,105000,100,2,0
2020,2,4,91237,0,2,0
2020,1,4,62726,50,0,0
2020,1,4,42197,50,2,0
2021,0,7,82528,50,2,2
2021,3,6,150000,100,2,2
2021,3,6,235000,100,2,2
2021,2,4,53192,50,2,2
2021,1,6,100000,100,2,1
2021,1,6,5409,50,1,1
2021,1,6,270000,100,2,2
2021,0,0,80000,100,2,1
2021,2,6,79197,100,2,2
2021,1,2,140000,100,2,2
2021,1,6,54238,50,2,2
2021,1,5,47282,100,1,0
2021,3,6,153667,100,1,2
2021,1,2,28476,100,1,2
2021,0,0,59102,50,2,1
2021,1,6,110000,100,2,2
2021,2,6,170000,100,2,2
2021,2,0,80000,100,2,0
2021,2,6,88654,100,2,2
2021,0,6,76833,100,2,0
2021,1,6,19609,100,1,2
2021,2,6,276000,0,2,2
2021,0,4,29751,50,1,2
2021,1,6,89294,50,2,2
2021,0,6,12000,100,2,0
2021,1,6,280911,100,2,2
2021,0,6,70000,100,2,1
2021,1,6,95746,100,2,0
2021,1,0,75000,0,2,2
2021,2,2,150000,100,2,2
2021,1,6,36259,50,2,2
2021,1,0,62000,0,2,2
2021,1,4,73000,0,2,2
2021,1,0,51519,50,2,2
2021,1,7,187442,100,2,2
2021,2,2,115000,100,2,0
2021,2,2,150000,100,2,1
2021,0,2,30428,100,1,2
2021,2,5,94564,50,2,2
2021,2,6,113476,100,2,1
2021,2,6,103160,100,2,0
2021,0,6,12000,100,2,1
2021,1,2,45391,100,2,2
2021,0,6,225000,100,2,2
2021,1,4,50000,100,0,2
2021,1,6,40189,100,1,1
2021,0,0,90000,100,2,0
2021,1,2,200000,100,2,2
2021,1,6,60000,50,1,1
2021,2,6,200000,100,2,1
2021,0,0,50000,100,2,1
2021,0,6,110037,0,2,2
2021,0,0,10354,50,1,1
2021,1,6,151000,100,2,2
2021,2,6,120000,50,2,0
2021,1,4,9466,0,1,0
2021,0,5,20000,100,1,0
2021,2,6,40570,50,1,2
2021,0,6,100000,50,0,0
2021,0,4,49646,50,2,1
2021,1,6,38400,100,2,1
2021,2,6,24000,100,1,1
2021,0,4,100000,0,2,0
2021,1,0,90000,100,2,1
2021,1,6,63711,50,0,0
2021,1,6,77364,50,0,0
2021,2,6,220000,0,2,2
2021,0,4,80000,100,2,1
2021,1,0,135000,100,2,2
2021,2,3,240000,0,2,2
2021,2,6,150000,0,2,2
2021,1,4,82500,100,2,0
2021,1,2,100000,100,2,2
2021,2,5,82744,50,2,1
2021,1,7,62649,50,2,1
2021,1,2,90000,100,2,2
2021,2,6,153000,100,2,2
2021,2,6,160000,100,2,0
2021,2,6,168000,0,0,0
2021,1,4,150000,100,2,1
2021,1,4,75774,100,2,2
2021,0,4,13400,100,1,2
2021,2,3,144000,100,2,2
2021,2,6,127221,50,2,2
2021,1,4,119059,100,0,1
2021,1,6,280911,50,2,2
2021,2,6,120000,100,2,1
2021,0,5,125000,100,2,0
2021,3,6,230000,50,1,2
2021,3,6,85000,0,1,1
2021,1,2,28369,50,0,2
2021,0,6,63831,50,2,2
2021,3,6,130026,50,2,1
2021,2,6,165000,100,2,2
2021,0,2,80000,100,2,2
2021,3,6,250000,0,2,2
2021,0,6,55000,50,2,0
2021,1,1,150000,100,2,2
2021,1,1,170000,100,2,2
2021,1,2,82528,100,2,2
2021,0,0,60000,100,2,0
2021,2,6,235000,100,2,2
2021,2,7,60757,50,1,2
2021,2,6,174000,100,2,2
2021,1,4,2859,0,1,0
2021,1,4,40038,100,0,2
2021,0,5,81000,50,2,0
2021,1,4,5679,100,2,0
2021,1,6,22611,0,1,2
2021,1,4,90734,50,2,2
2021,1,2,26005,0,2,2
2021,2,6,61896,50,2,2
2021,1,6,12000,50,0,1
2021,1,2,4000,100,0,1
2021,2,6,50000,100,2,1
2021,3,6,69741,100,1,0
2021,2,2,76833,50,2,0
2021,1,5,74000,50,0,0
2021,2,3,152000,100,2,2
2021,0,5,21844,50,0,1
2021,1,6,18000,0,0,0
2021,2,3,174000,100,2,2
2021,2,7,96113,50,2,2
2021,1,4,147000,50,2,2
2021,0,6,9272,100,0,0
2021,2,5,24342,100,1,2
2021,2,3,54094,50,2,2
2021,0,6,90000,100,2,0
2021,1,4,61467,50,2,1
2021,2,6,195000,100,2,1
2021,1,4,37825,100,1,2
2021,2,7,50000,100,2,0
2021,1,4,160000,100,2,2
2021,1,4,12901,0,1,0
2021,2,5,200000,100,2,2
2021,2,2,165000,0,2,1
2021,1,2,20000,0,2,2
2021,2,6,120000,0,2,2
2021,1,5,24823,50,0,2
2021,1,7,56738,50,2,0
2021,1,2,66022,50,2,0
2021,0,6,5882,0,2,2
2021,0,5,24823,50,2,1
2021,2,6,185000,100,2,2
2021,0,6,28609,50,2,0
2021,1,4,90734,50,2,2
2021,1,5,88654,100,2,1
2021,2,6,140000,100,2,2
2021,1,5,46597,100,1,2
2021,1,4,116914,50,2,2
2021,1,4,33808,0,1,1
2021,1,4,56256,50,2,2
2021,2,6,225000,100,2,2
2021,3,6,280911,100,2,0
2021,2,4,87738,100,2,0
2021,1,4,88654,50,2,2
2021,2,4,135000,0,2,2
2021,2,0,71786,100,2,1
2021,0,6,16228,100,1,2
2021,2,6,256000,100,2,0
2021,2,6,200000,100,2,2
2021,2,0,200000,100,2,2
2021,1,1,180000,100,2,2
2021,1,6,110000,0,2,0
2021,1,7,63810,100,2,1
2021,1,4,46809,100,1,1
2021,0,4,4000,0,0,1
2021,0,2,21637,50,1,1
2021,2,4,103691,100,2,2
2021,1,0,80000,100,2,2
2021,1,2,110000,100,2,2
2021,2,4,165000,100,2,2
2021,0,6,18053,100,0,0
2021,1,2,72212,50,2,2
2021,0,4,36643,50,2,2
2021,1,2,12103,0,1,1
2021,2,2,96282,50,2,2
2021,2,6,170000,100,2,1
2021,1,4,115000,50,2,2
2021,0,4,90000,100,2,0
2021,3,6,280911,100,2,2
2021,0,4,28399,100,1,1
2021,1,0,93000,100,2,2
2021,2,6,99703,50,2,1
2021,1,2,200000,100,2,2
2021,2,6,173762,100,2,1
2021,2,5,185000,50,2,2
2021,3,6,141846,0,2,2
2021,1,4,130000,50,2,2
2021,2,0,63831,50,2,2
2021,1,4,16904,100,1,0
2021,2,5,66265,0,1,2
2021,1,4,25532,100,2,0
2021,2,6,160000,50,2,0
2021,1,2,93150,0,2,1
2021,1,2,111775,0,2,1
2021,1,2,28016,100,1,1
2021,0,2,65013,50,2,1
2021,0,2,72500,100,2,2
2021,2,6,18907,0,1,1
2021,0,6,76833,0,2,2
2021,0,5,85000,100,2,0
2021,2,4,77684,50,2,1
2021,0,4,100000,100,2,1
2021,0,4,58000,50,2,2
2021,2,6,55000,100,1,2
2021,2,4,20171,50,1,2
2021,0,6,59102,100,0,2
2021,1,2,112000,100,2,2
2021,0,7,100000,0,1,2
2021,1,2,69741,100,2,2
2021,2,6,105000,100,2,1
2021,1,7,69999,50,1,2
2021,2,3,94665,50,1,2
2021,2,6,102839,100,0,2
2021,1,4,109000,50,2,2
2021,1,5,51064,50,0,2
2022,2,2,135000,100,2,1
2022,2,0,155000,100,2,1
2022,2,0,120600,100,2,1
2022,1,4,130000,0,2,1
2022,1,4,90000,0,2,1
2022,1,2,170000,100,2,1
2022,1,2,150000,100,2,1
2022,2,0,102100,100,2,1
2022,2,0,84900,100,2,1
2022,2,4,136620,100,2,1
2022,2,4,99360,100,2,1
2022,2,4,117789,0,2,1
2022,2,4,104702,0,2,1
2022,2,4,146000,100,2,1
2022,2,4,123000,100,2,1
2022,0,2,52351,100,2,1
2022,2,0,99000,0,2,1
2022,2,0,116000,0,2,1
2022,1,0,106260,0,2,1
2022,1,0,126500,0,2,1
2022,3,2,242000,100,2,1
2022,3,2,200000,100,2,1
2022,1,4,65438,0,2,1
2022,1,4,39263,0,2,1
2022,1,2,78526,0,2,1
2022,1,2,52351,0,2,1
2022,2,4,165220,100,2,1
2022,0,2,45807,100,2,1
2022,2,4,120160,100,2,1
2022,2,0,90320,100,2,1
2022,2,2,181940,0,2,1
2022,2,2,132320,0,2,1
2022,2,2,220110,0,2,1
2022,2,2,160080,0,2,1
2022,2,4,180000,0,2,2
2022,2,4,120000,0,2,2
2022,2,0,124190,100,2,1
2022,3,0,130000,100,2,1
2022,3,0,110000,100,2,1
2022,2,0,170000,100,2,1
2022,1,0,115500,100,2,1
2022,2,0,112900,100,2,1
2022,2,0,90320,100,2,1
2022,2,0,112900,100,2,1
2022,2,0,90320,100,2,1
2022,2,2,165400,100,2,1
2022,2,2,132320,100,2,1
2022,1,0,167000,100,2,1
2022,2,2,243900,100,2,1
2022,2,0,136600,100,2,1
2022,2,0,109280,100,2,1
2022,2,2,128875,100,2,1
2022,2,2,93700,100,2,1
2022,3,6,224000,100,2,1
2022,3,6,167875,100,2,1
2022,3,6,175000,100,2,1
2022,2,2,156600,100,2,1
2022,2,2,108800,0,2,1
2022,2,4,95550,0,2,1
2022,2,2,113000,0,2,2
2022,2,0,135000,100,2,1
2022,2,3,161342,100,2,1
2022,2,3,137141,100,2,1
2022,2,4,167000,100,2,1
2022,2,4,123000,100,2,1
2022,2,2,78526,0,2,1
2022,2,2,65438,0,2,1
2022,2,4,150000,0,2,1
2022,2,4,211500,100,2,1
2022,2,1,192400,100,2,1
2022,2,1,90700,100,2,1
2022,2,0,130000,100,2,1
2022,2,0,61300,100,2,1
2022,2,0,130000,100,2,1
2022,2,0,61300,100,2,1
2022,2,2,160000,0,2,2
2022,2,4,138600,100,2,1
2022,2,2,136000,0,2,1
2022,1,0,58000,0,2,0
2022,3,6,135000,100,2,1
2022,2,4,170000,100,2,1
2022,2,4,123000,100,2,1
2022,2,5,189650,0,2,1
2022,2,5,164996,0,2,1
2022,1,6,54957,0,1,1
2022,1,6,54957,0,1,1
2022,3,6,118187,100,2,0
2022,2,0,132000,0,2,1
2022,2,2,165400,100,2,1
2022,2,1,208775,100,2,1
2022,2,1,147800,100,2,1
2022,2,2,136994,100,2,1
2022,2,2,101570,100,2,1
2022,2,0,128875,100,2,1
2022,2,0,93700,100,2,1
2022,3,6,79039,50,1,2
2022,2,2,132320,100,2,1
2022,0,5,37300,100,2,2
2022,2,0,164000,0,2,1
2022,2,2,155000,100,2,1
2022,1,5,124333,0,2,1
2022,1,5,98158,0,2,1
2022,1,6,120000,0,2,1
2022,2,0,112900,100,2,1
2022,2,0,90320,100,2,1
2022,2,6,145000,100,2,1
2022,2,6,105400,100,2,1
2022,1,5,87932,100,2,1
2022,1,2,117789,0,2,1
2022,2,4,215300,100,2,2
2022,2,4,158200,100,2,2
2022,2,2,209100,100,2,2
2022,2,2,154600,100,2,2
2022,2,0,115934,0,2,1
2022,2,0,81666,0,2,1
2022,2,2,175000,100,2,1
2022,1,2,98158,0,2,1
2022,1,0,58000,0,2,0
2022,2,2,183600,100,2,2
2022,1,0,52351,100,2,1
2022,2,4,180000,100,2,1
2022,1,4,71982,0,2,1
2022,1,4,45807,0,2,1
2022,1,2,65949,100,1,1
2022,1,2,49461,100,1,1
2022,1,2,78526,100,2,1
2022,1,2,58894,100,2,1
2022,2,4,260000,100,2,1
2022,2,6,60000,100,1,2
2022,1,2,63900,0,2,1
2022,1,6,160000,100,2,2
2022,1,6,112300,100,2,2
2022,1,3,241000,100,2,1
2022,1,3,159000,100,2,1
2022,2,4,180000,0,2,1
2022,2,4,80000,0,2,1
2022,1,2,82900,0,2,1
2022,2,2,100800,100,2,2
2022,1,2,49461,100,1,1
2022,2,4,140400,0,2,2
2022,1,0,39263,100,2,1
2022,1,0,43966,100,1,1
2022,1,0,32974,100,1,1
2022,1,2,87932,100,1,1
2022,1,2,76940,100,1,1
2022,1,2,104702,100,2,1
2022,1,2,91614,100,2,1
2022,1,2,65949,100,1,1
2022,1,2,87932,100,1,1
2022,2,5,189650,0,2,1
2022,2,5,164996,0,2,1
2022,1,0,43966,100,1,1
2022,1,0,32974,100,1,1
2022,1,2,98158,100,2,1
2022,1,2,78526,100,2,1
2022,2,4,215300,0,2,2
2022,1,2,76940,100,1,1
2022,2,2,209100,100,2,2
2022,2,2,154600,100,2,2
2022,2,2,180000,100,2,1
2022,0,6,21983,100,1,2
2022,2,2,80000,100,2,1
2022,1,6,78791,100,2,1
2022,3,6,196979,50,2,2
2022,1,5,120000,100,2,0
2022,0,6,125000,0,2,1
2022,1,6,37236,50,2,2
2022,2,2,105000,100,2,1
2022,2,6,87932,0,2,1
2022,1,6,18442,100,1,1
2022,1,4,31615,100,1,2
2022,1,6,58255,50,1,2
2022,0,6,100000,50,2,2
2022,1,2,54957,50,2,2
2022,0,4,18442,100,1,1
2022,2,6,162674,100,2,1
2022,0,2,120000,100,2,1
2022,2,7,144000,50,2,2
2022,2,4,104890,100,2,1
2022,2,2,100000,100,2,1
2022,2,4,140000,100,2,1
2022,1,0,135000,100,2,1
2022,1,0,50000,100,2,1
2022,2,4,220000,100,2,1
2022,2,4,140000,100,2,1
2022,1,4,183228,0,2,1
2022,1,4,91614,0,2,1
2022,2,4,185100,100,2,1
2022,2,5,220000,100,2,1
2022,1,4,200000,100,2,1
2022,1,4,120000,100,2,1
2022,2,5,120000,100,0,0
2022,2,5,65000,100,0,0
2022,3,2,280911,100,2,1
2022,3,2,216000,100,2,1
2022,2,2,210000,100,2,1
2022,2,5,120000,100,2,1
2022,2,4,230000,100,2,1
2022,0,4,100000,50,0,1
2022,1,4,100000,100,2,1
2022,0,6,31875,100,1,1
2022,2,6,200000,100,2,1
2022,1,6,75000,100,2,0
2022,1,4,35590,100,1,2
2022,2,6,78791,100,2,1
2022,2,4,100000,100,2,1
2022,1,6,153000,50,2,1
2022,0,2,58035,100,2,1
2022,2,4,165000,100,2,1
2022,2,7,93427,50,2,2
2022,0,4,52396,100,2,2
2022,2,5,62651,100,2,2
2022,1,6,32974,100,0,0
2022,0,4,40000,100,0,2
2022,1,5,87425,100,2,2
2022,2,2,115000,100,2,1
2022,0,4,86703,50,2,1
2022,1,6,75000,100,2,2
2022,1,7,64849,0,2,2
2022,0,7,120000,100,2,2
2022,1,6,157000,100,2,2
2022,0,6,150000,100,2,0
2022,1,6,70912,50,2,2
2022,0,2,65000,100,2,0
2022,2,5,71444,100,2,0
2022,0,6,20000,0,0,1
2022,1,4,48000,100,2,0
2022,2,3,152500,100,2,1
2022,1,2,68147,100,2,1
2022,1,4,122346,0,2,2
2022,2,6,280911,100,2,2
2022,1,4,69336,100,2,1
2022,0,6,10000,100,0,1
2022,1,0,20000,100,1,0
2022,2,6,280911,100,2,2
2022,1,4,135000,100,2,2
2022,2,6,177000,100,2,2
2022,1,4,78000,100,2,1
2022,2,0,135000,100,2,1
2022,2,0,100000,100,2,1
2022,2,0,90320,100,2,1
2022,1,0,85000,0,2,1
2022,1,0,75000,0,2,1
2022,2,5,214000,100,2,1
2022,2,5,192600,100,2,1
2022,2,1,266400,100,2,1
2022,2,1,213120,100,2,1
2022,2,0,112900,100,2,1
2022,2,2,155000,100,2,1
2022,1,4,141300,0,2,1
2022,1,4,102100,0,2,1
2022,2,0,115934,100,2,1
2022,2,0,81666,100,2,1
2022,1,2,206699,0,2,1
2022,1,2,99100,0,2,1
2022,2,2,130000,100,2,1
2022,2,2,115000,100,2,1
2022,2,2,110500,100,2,1
2022,2,2,130000,100,2,1
2022,2,0,99050,100,2,1
2022,2,2,160000,100,2,1
2022,2,4,205300,0,2,2
2022,2,4,140400,0,2,2
2022,2,4,176000,100,2,1
2022,2,4,144000,100,2,1
2022,2,2,200100,100,2,1
2022,2,2,160000,100,2,1
2022,2,2,145000,100,2,1
2022,2,2,70500,0,2,1
2022,2,4,205300,0,2,1
2022,2,4,140400,0,2,1
2022,2,6,205300,0,2,1
2022,2,6,184700,0,2,1
2022,2,2,175100,100,2,1
2022,2,2,140250,100,2,1
2022,2,0,116150,100,2,1
2022,2,2,54000,0,2,1
2022,2,0,170000,100,2,1
2022,1,0,65438,0,2,1
2022,2,0,80000,100,2,1
2022,2,4,140000,100,2,1
2022,2,4,210000,100,2,1
2022,2,4,140000,100,2,1
2022,2,0,100000,100,2,1
2022,2,0,69000,100,2,1
2022,2,4,210000,100,2,1
2022,2,4,140000,100,2,1
2022,2,4,210000,100,2,1
2022,2,0,150075,100,2,1
2022,2,2,100000,100,2,1
2022,2,2,25000,100,2,1
2022,2,0,126500,100,2,1
2022,2,0,106260,100,2,1
2022,2,2,220110,100,2,1
2022,2,2,160080,100,2,1
2022,2,0,105000,100,2,1
2022,2,0,110925,100,2,1
2022,1,0,45807,0,2,1
2022,2,4,140000,100,2,1
2022,2,0,99000,0,2,1
2022,2,0,60000,100,2,1
2022,2,1,192564,100,2,1
2022,2,1,144854,100,2,1
2022,2,4,230000,100,2,1
2022,2,4,150000,100,2,1
2022,2,6,150260,100,2,1
2022,2,6,109280,100,2,1
2022,2,4,210000,100,2,1
2022,2,0,170000,100,2,1
2022,1,4,160000,100,2,1
2022,1,4,130000,100,2,1
2022,0,0,67000,0,2,1
2022,0,0,52000,0,2,1
2022,2,2,154000,100,2,1
2022,2,2,126000,100,2,1
2022,2,0,129000,0,2,1
2022,2,0,150000,100,2,1
2022,1,6,200000,100,2,2
